[
  {
    "x": 4,
    "y": 0,
    "z": 0
  },
  {
    "x": 8,
    "y": 0,
    "z": 0
  },
  {
    "x": 12,
    "y": 0,
    "z": 0
  },
  {
    "x": 16,
    "y": 0,
    "z": 0
  },
  {
    "x": 20,
    "y": 0,
    "z": 0
  },
  {
    "x": 24,
    "y": 0,
    "z": 4
  },
  {
    "x": 24,
    "y": 0,
    "z": -4
  },
  {
    "x": 28,
    "y": 0,
    "z": 5
  },
  {
    "x": 30,
    "y": 0,
    "z": 8
  },
  {
    "x": 32,
    "y": 0,
    "z": 10
  },
  {
    "x": 36,
    "y": 0,
    "z": 10
  },
  {
    "x": 40,
    "y": 0,
    "z": 10
  },
  {
    "x": 42,
    "y": 0,
    "z": 10
  },
  {
    "x": 44,
    "y": 0,
    "z": 10
  },
  {
    "x": 46,
    "y": 0,
    "z": 10
  },
  {
    "x": 30,
    "y": 0,
    "z": -3
  },
  {
    "x": 35,
    "y": 0,
    "z": -4
  },
  {
    "x": 38,
    "y": 0,
    "z": -5
  },
  {
    "x": 41,
    "y": 0,
    "z": -5
  },
  {
    "x": 44,
    "y": 0,
    "z": -4
  },
  {
    "x": 46,
    "y": 0,
    "z": -3
  },
  {
    "x": 50,
    "y": 0,
    "z": -2
  },
  {
    "x": 50,
    "y": 0,
    "z": -9
  },
  {
    "x": 50,
    "y": 0,
    "z": 4
  },
  {
    "x": 50,
    "y": 0,
    "z": 10
  },
  {
    "x": 55,
    "y": 0,
    "z": -9
  },
  {
    "x": 55,
    "y": 0,
    "z": 0
  },
  {
    "x": 60,
    "y": 0,
    "z": -5
  },
  {
    "x": 64,
    "y": 0,
    "z": -9
  },
  {
    "x": 64,
    "y": 0,
    "z": 0
  },
  {
    "x": 68,
    "y": 0,
    "z": -3
  },
  {
    "x": 69,
    "y": 0,
    "z": -9
  },
  {
    "x": 72,
    "y": 0,
    "z": 3
  },
  {
    "x": 60,
    "y": 0,
    "z": 9
  },
  {
    "x": 68,
    "y": 0,
    "z": 8
  },
  {
    "x": 64,
    "y": 0,
    "z": 5
  }
]